{
    "ExposureTime": 1000,
    "SensorTimestamp": 484293196617000,
    "ScalerCrop": "(0, 0)/4056x3040",
    "ColourCorrectionMatrix": [ 2.228851, -0.962560, -0.266292, -0.346101, 2.121019, -0.774914, -0.162230, -0.442741, 1.604968 ],
    "FocusFoM": 8145,
    "ColourTemperature": 6501,
    "ColourGains": [ 3.416741, 1.466181 ],
    "DigitalGain": 1.014000,
    "AeLocked": true,
    "SensorTemperature": 62.000000,
    "Lux": 15212.411133,
    "FrameDuration": 100000,
    "SensorBlackLevels": [ 4096, 4096, 4096, 4096 ],
    "AnalogueGain": 1.000000
}