{
    "ExposureTime": 1628,
    "SensorTimestamp": 70126518842000,
    "ScalerCrop": "(0, 0)/4056x3040",
    "ColourCorrectionMatrix": [ 2.229041, -0.962588, -0.266453, -0.346009, 2.121522, -0.775510, -0.162270, -0.443017, 1.605283 ],
    "FocusFoM": 5670,
    "ColourTemperature": 6504,
    "ColourGains": [ 3.570175, 1.483549 ],
    "DigitalGain": 1.008246,
    "AeLocked": true,
    "SensorTemperature": 32.000000,
    "Lux": 5113.078613,
    "FrameDuration": 100000,
    "SensorBlackLevels": [ 4096, 4096, 4096, 4096 ],
    "AnalogueGain": 1.000000
}